match_date,tour,tournament,player_1,player_2,odds_p1,odds_p2
2022-01-01,WTA,Tourney_4,WTA_Player_8,WTA_Player_5,2.522,1.84
2022-01-04,WTA,Tourney_7,WTA_Player_13,WTA_Player_16,3.091,1.622
2022-01-07,ATP,Tourney_8,ATP_Player_20,ATP_Player_6,1.773,2.659
2022-01-10,WTA,Tourney_8,WTA_Player_13,WTA_Player_16,1.605,3.153
2022-01-13,WTA,Tourney_5,WTA_Player_11,WTA_Player_20,1.864,2.478
2022-01-16,ATP,Tourney_6,ATP_Player_14,ATP_Player_11,1.993,2.281
2022-01-19,ATP,Tourney_6,ATP_Player_10,ATP_Player_15,2.245,2.022
2022-01-22,WTA,Tourney_6,WTA_Player_19,WTA_Player_11,3.528,1.523
2022-01-25,WTA,Tourney_4,WTA_Player_4,WTA_Player_15,2.683,1.763
2022-01-28,WTA,Tourney_6,WTA_Player_2,WTA_Player_4,2.862,1.693
2022-01-31,WTA,Tourney_5,WTA_Player_7,WTA_Player_4,2.051,2.211
2022-02-03,WTA,Tourney_2,WTA_Player_15,WTA_Player_5,1.431,4.15
2022-02-06,ATP,Tourney_8,ATP_Player_20,ATP_Player_2,3.42,1.544
2022-02-09,ATP,Tourney_4,ATP_Player_19,ATP_Player_13,3.801,1.477
2022-02-12,WTA,Tourney_2,WTA_Player_10,WTA_Player_6,2.522,1.84
2022-02-15,ATP,Tourney_5,ATP_Player_3,ATP_Player_19,3.002,1.648
2022-02-18,WTA,Tourney_8,WTA_Player_20,WTA_Player_17,1.399,4.44
2022-02-21,ATP,Tourney_1,ATP_Player_1,ATP_Player_19,1.684,2.889
2022-02-24,ATP,Tourney_5,ATP_Player_16,ATP_Player_2,2.245,2.022
2022-02-27,ATP,Tourney_7,ATP_Player_3,ATP_Player_20,2.589,1.806
2022-03-02,WTA,Tourney_2,WTA_Player_3,WTA_Player_11,2.337,1.952
2022-03-05,WTA,Tourney_5,WTA_Player_15,WTA_Player_16,1.622,3.091
2022-03-08,WTA,Tourney_5,WTA_Player_7,WTA_Player_18,1.84,2.522
2022-03-11,WTA,Tourney_6,WTA_Player_15,WTA_Player_8,3.282,1.574
2022-03-14,ATP,Tourney_6,ATP_Player_16,ATP_Player_4,4.15,1.431
2022-03-17,ATP,Tourney_5,ATP_Player_8,ATP_Player_7,2.357,1.939
2022-03-20,ATP,Tourney_3,ATP_Player_18,ATP_Player_19,2.917,1.675
2022-03-23,ATP,Tourney_2,ATP_Player_14,ATP_Player_13,1.901,2.416
2022-03-26,WTA,Tourney_5,WTA_Player_7,WTA_Player_2,1.537,3.455
2022-03-29,WTA,Tourney_1,WTA_Player_4,WTA_Player_3,1.559,3.35
2022-04-01,ATP,Tourney_8,ATP_Player_6,ATP_Player_16,2.437,1.888
2022-04-04,WTA,Tourney_5,WTA_Player_16,WTA_Player_18,2.659,1.773
2022-04-07,ATP,Tourney_4,ATP_Player_18,ATP_Player_12,1.888,2.437
2022-04-10,ATP,Tourney_1,ATP_Player_14,ATP_Player_4,2.263,2.007
2022-04-13,ATP,Tourney_2,ATP_Player_2,ATP_Player_16,1.648,3.002
2022-04-16,ATP,Tourney_8,ATP_Player_12,ATP_Player_5,4.39,1.404
2022-04-19,ATP,Tourney_1,ATP_Player_2,ATP_Player_11,1.817,2.566
2022-04-22,ATP,Tourney_2,ATP_Player_8,ATP_Player_3,1.597,3.185
2022-04-25,ATP,Tourney_5,ATP_Player_15,ATP_Player_7,1.516,3.565
2022-04-28,ATP,Tourney_5,ATP_Player_13,ATP_Player_5,1.484,3.76
2022-05-01,WTA,Tourney_5,WTA_Player_17,WTA_Player_5,1.684,2.889
2022-05-04,ATP,Tourney_1,ATP_Player_19,ATP_Player_13,1.952,2.337
2022-05-07,ATP,Tourney_2,ATP_Player_7,ATP_Player_17,2.757,1.732
2022-05-10,WTA,Tourney_5,WTA_Player_1,WTA_Player_2,1.993,2.281
2022-05-13,WTA,Tourney_8,WTA_Player_4,WTA_Player_8,2.612,1.795
2022-05-16,ATP,Tourney_4,ATP_Player_9,ATP_Player_20,4.758,1.37
2022-05-19,ATP,Tourney_8,ATP_Player_1,ATP_Player_5,2.022,2.245
2022-05-22,WTA,Tourney_6,WTA_Player_16,WTA_Player_8,1.404,4.39
2022-05-25,ATP,Tourney_6,ATP_Player_14,ATP_Player_5,1.503,3.641
2022-05-28,WTA,Tourney_4,WTA_Player_12,WTA_Player_10,1.477,3.801
2022-05-31,WTA,Tourney_2,WTA_Player_2,WTA_Player_10,2.5,1.852
2022-06-03,WTA,Tourney_8,WTA_Player_5,WTA_Player_11,2.16,2.096
2022-06-06,ATP,Tourney_4,ATP_Player_15,ATP_Player_11,1.566,3.316
2022-06-09,WTA,Tourney_1,WTA_Player_17,WTA_Player_12,2.112,2.144
2022-06-12,ATP,Tourney_5,ATP_Player_6,ATP_Player_10,3.217,1.589
2022-06-15,ATP,Tourney_3,ATP_Player_6,ATP_Player_12,1.693,2.862
2022-06-18,ATP,Tourney_5,ATP_Player_9,ATP_Player_7,2.707,1.752
2022-06-21,ATP,Tourney_6,ATP_Player_17,ATP_Player_19,1.614,3.122
2022-06-24,ATP,Tourney_6,ATP_Player_2,ATP_Player_11,3.72,1.49
2022-06-27,WTA,Tourney_8,WTA_Player_11,WTA_Player_13,1.582,3.249
2022-06-30,ATP,Tourney_7,ATP_Player_13,ATP_Player_8,1.829,2.544
2022-07-03,ATP,Tourney_1,ATP_Player_20,ATP_Player_14,1.37,4.758
2022-07-06,ATP,Tourney_6,ATP_Player_14,ATP_Player_17,2.835,1.703
2022-07-09,ATP,Tourney_1,ATP_Player_12,ATP_Player_9,4.928,1.357
2022-07-12,ATP,Tourney_4,ATP_Player_6,ATP_Player_10,1.852,2.5
2022-07-15,ATP,Tourney_8,ATP_Player_8,ATP_Player_17,1.42,4.244
2022-07-18,ATP,Tourney_7,ATP_Player_4,ATP_Player_18,2.566,1.817
2022-07-21,WTA,Tourney_5,WTA_Player_11,WTA_Player_6,4.44,1.399
2022-07-24,ATP,Tourney_6,ATP_Player_1,ATP_Player_19,1.399,4.44
2022-07-27,ATP,Tourney_7,ATP_Player_2,ATP_Player_17,1.876,2.457
2022-07-30,ATP,Tourney_1,ATP_Player_15,ATP_Player_16,3.282,1.574
2022-08-02,WTA,Tourney_4,WTA_Player_7,WTA_Player_4,1.49,3.72
2022-08-05,ATP,Tourney_1,ATP_Player_17,ATP_Player_11,2.707,1.752
2022-08-08,ATP,Tourney_6,ATP_Player_9,ATP_Player_19,4.758,1.37
2022-08-11,ATP,Tourney_8,ATP_Player_12,ATP_Player_3,2.193,2.066
2022-08-14,WTA,Tourney_3,WTA_Player_10,WTA_Player_15,1.763,2.683
2022-08-17,ATP,Tourney_8,ATP_Player_11,ATP_Player_12,2.245,2.022
2022-08-20,ATP,Tourney_5,ATP_Player_2,ATP_Player_1,3.153,1.605
2022-08-23,ATP,Tourney_4,ATP_Player_19,ATP_Player_15,1.265,6.687
2022-08-26,ATP,Tourney_8,ATP_Player_15,ATP_Player_1,4.196,1.425
2022-08-29,ATP,Tourney_6,ATP_Player_8,ATP_Player_10,1.722,2.783
2022-09-01,WTA,Tourney_7,WTA_Player_4,WTA_Player_6,2.245,2.022
2022-09-04,WTA,Tourney_3,WTA_Player_5,WTA_Player_7,1.703,2.835
2022-09-07,WTA,Tourney_6,WTA_Player_18,WTA_Player_11,5.554,1.316
2022-09-10,WTA,Tourney_8,WTA_Player_3,WTA_Player_5,2.5,1.852
2022-09-13,ATP,Tourney_6,ATP_Player_1,ATP_Player_17,2.177,2.081
2022-09-16,ATP,Tourney_7,ATP_Player_3,ATP_Player_20,2.659,1.773
2022-09-19,WTA,Tourney_8,WTA_Player_7,WTA_Player_15,1.742,2.732
2022-09-22,ATP,Tourney_5,ATP_Player_7,ATP_Player_19,2.337,1.952
2022-09-25,WTA,Tourney_3,WTA_Player_6,WTA_Player_5,1.684,2.889
2022-09-28,ATP,Tourney_8,ATP_Player_17,ATP_Player_13,1.84,2.522
2022-10-01,ATP,Tourney_1,ATP_Player_1,ATP_Player_16,2.416,1.901
2022-10-04,WTA,Tourney_2,WTA_Player_6,WTA_Player_9,1.979,2.3
2022-10-07,ATP,Tourney_6,ATP_Player_10,ATP_Player_8,1.852,2.5
2022-10-10,ATP,Tourney_4,ATP_Player_2,ATP_Player_10,1.722,2.783
2022-10-13,ATP,Tourney_3,ATP_Player_8,ATP_Player_3,2.281,1.993
2022-10-16,ATP,Tourney_6,ATP_Player_19,ATP_Player_14,1.453,3.97
2022-10-19,WTA,Tourney_8,WTA_Player_7,WTA_Player_6,2.973,1.656
2022-10-22,ATP,Tourney_8,ATP_Player_16,ATP_Player_6,1.496,3.68
2022-10-25,WTA,Tourney_2,WTA_Player_20,WTA_Player_6,1.648,3.002
2022-10-28,ATP,Tourney_7,ATP_Player_9,ATP_Player_10,2.022,2.245
2022-10-31,WTA,Tourney_8,WTA_Player_6,WTA_Player_18,3.76,1.484
2022-11-03,WTA,Tourney_4,WTA_Player_14,WTA_Player_8,1.784,2.635
2022-11-06,WTA,Tourney_1,WTA_Player_20,WTA_Player_7,2.544,1.829
2022-11-09,ATP,Tourney_7,ATP_Player_17,ATP_Player_5,1.399,4.44
2022-11-12,WTA,Tourney_7,WTA_Player_7,WTA_Player_15,1.409,4.341
2022-11-15,ATP,Tourney_5,ATP_Player_1,ATP_Player_17,1.431,4.15
2022-11-18,ATP,Tourney_7,ATP_Player_4,ATP_Player_6,1.597,3.185
2022-11-21,WTA,Tourney_2,WTA_Player_11,WTA_Player_6,2.051,2.211
2022-11-24,WTA,Tourney_8,WTA_Player_1,WTA_Player_2,2.917,1.675
2022-11-27,ATP,Tourney_1,ATP_Player_11,ATP_Player_5,1.348,5.046
2022-11-30,WTA,Tourney_2,WTA_Player_20,WTA_Player_4,3.002,1.648
2022-12-03,ATP,Tourney_8,ATP_Player_12,ATP_Player_4,1.614,3.122
2022-12-06,ATP,Tourney_5,ATP_Player_16,ATP_Player_11,2.337,1.952
2022-12-09,ATP,Tourney_3,ATP_Player_12,ATP_Player_15,1.773,2.659
2022-12-12,ATP,Tourney_6,ATP_Player_6,ATP_Player_16,1.675,2.917
2022-12-15,WTA,Tourney_5,WTA_Player_7,WTA_Player_5,3.122,1.614
2022-12-18,WTA,Tourney_8,WTA_Player_13,WTA_Player_5,2.081,2.177
2022-12-21,WTA,Tourney_5,WTA_Player_11,WTA_Player_3,2.112,2.144
2022-12-24,WTA,Tourney_5,WTA_Player_1,WTA_Player_9,1.979,2.3
2022-12-27,ATP,Tourney_3,ATP_Player_13,ATP_Player_9,2.973,1.656
2022-12-30,ATP,Tourney_3,ATP_Player_4,ATP_Player_7,3.76,1.484
2023-01-02,ATP,Tourney_6,ATP_Player_14,ATP_Player_9,2.862,1.693
2023-01-05,ATP,Tourney_6,ATP_Player_10,ATP_Player_8,1.516,3.565
2023-01-08,WTA,Tourney_7,WTA_Player_4,WTA_Player_17,3.032,1.639
2023-01-11,ATP,Tourney_7,ATP_Player_11,ATP_Player_5,1.49,3.72
2023-01-14,ATP,Tourney_5,ATP_Player_8,ATP_Player_10,1.864,2.478
2023-01-17,ATP,Tourney_8,ATP_Player_10,ATP_Player_12,1.503,3.641
2023-01-20,WTA,Tourney_8,WTA_Player_16,WTA_Player_14,3.884,1.465
2023-01-23,ATP,Tourney_6,ATP_Player_4,ATP_Player_6,1.51,3.603
2023-01-26,ATP,Tourney_8,ATP_Player_12,ATP_Player_8,2.281,1.993
2023-01-29,ATP,Tourney_5,ATP_Player_11,ATP_Player_4,2.566,1.817
2023-02-01,ATP,Tourney_4,ATP_Player_14,ATP_Player_8,2.612,1.795
2023-02-04,WTA,Tourney_7,WTA_Player_17,WTA_Player_7,1.357,4.928
2023-02-07,WTA,Tourney_7,WTA_Player_10,WTA_Player_14,1.742,2.732
2023-02-10,WTA,Tourney_5,WTA_Player_18,WTA_Player_6,3.091,1.622
2023-02-13,ATP,Tourney_8,ATP_Player_3,ATP_Player_7,2.437,1.888
2023-02-16,ATP,Tourney_5,ATP_Player_19,ATP_Player_12,2.319,1.966
2023-02-19,ATP,Tourney_5,ATP_Player_5,ATP_Player_10,3.35,1.559
2023-02-22,ATP,Tourney_5,ATP_Player_8,ATP_Player_12,2.659,1.773
2023-02-25,ATP,Tourney_5,ATP_Player_7,ATP_Player_6,3.884,1.465
2023-02-28,ATP,Tourney_4,ATP_Player_20,ATP_Player_12,1.675,2.917
2023-03-03,ATP,Tourney_7,ATP_Player_6,ATP_Player_10,1.523,3.528
2023-03-06,WTA,Tourney_1,WTA_Player_8,WTA_Player_2,1.447,4.014
2023-03-09,WTA,Tourney_7,WTA_Player_15,WTA_Player_7,2.683,1.763
2023-03-12,WTA,Tourney_7,WTA_Player_10,WTA_Player_16,3.35,1.559
2023-03-15,ATP,Tourney_4,ATP_Player_15,ATP_Player_7,5.106,1.344
2023-03-18,WTA,Tourney_6,WTA_Player_6,WTA_Player_18,3.316,1.566
2023-03-21,WTA,Tourney_4,WTA_Player_19,WTA_Player_3,2.612,1.795
2023-03-24,WTA,Tourney_2,WTA_Player_14,WTA_Player_17,1.566,3.316
2023-03-27,ATP,Tourney_3,ATP_Player_3,ATP_Player_14,1.675,2.917
2023-03-30,ATP,Tourney_1,ATP_Player_19,ATP_Player_1,2.5,1.852
2023-04-02,ATP,Tourney_3,ATP_Player_17,ATP_Player_15,1.773,2.659
2023-04-05,WTA,Tourney_5,WTA_Player_14,WTA_Player_6,4.596,1.384
2023-04-08,ATP,Tourney_8,ATP_Player_9,ATP_Player_14,1.384,4.596
2023-04-11,ATP,Tourney_4,ATP_Player_15,ATP_Player_9,2.589,1.806
2023-04-14,WTA,Tourney_6,WTA_Player_17,WTA_Player_2,1.763,2.683
2023-04-17,ATP,Tourney_6,ATP_Player_3,ATP_Player_17,2.683,1.763
2023-04-20,ATP,Tourney_7,ATP_Player_10,ATP_Player_4,1.752,2.707
2023-04-23,ATP,Tourney_5,ATP_Player_5,ATP_Player_9,4.014,1.447
2023-04-26,ATP,Tourney_4,ATP_Player_4,ATP_Player_8,1.648,3.002
2023-04-29,ATP,Tourney_7,ATP_Player_6,ATP_Player_13,2.337,1.952
2023-05-02,WTA,Tourney_6,WTA_Player_11,WTA_Player_12,3.316,1.566
2023-05-05,WTA,Tourney_6,WTA_Player_6,WTA_Player_17,1.876,2.457
2023-05-08,WTA,Tourney_7,WTA_Player_3,WTA_Player_9,1.409,4.341
2023-05-11,WTA,Tourney_8,WTA_Player_14,WTA_Player_1,1.913,2.396
2023-05-14,WTA,Tourney_1,WTA_Player_1,WTA_Player_5,1.864,2.478
2023-05-17,WTA,Tourney_5,WTA_Player_8,WTA_Player_9,2.589,1.806
2023-05-20,WTA,Tourney_3,WTA_Player_4,WTA_Player_7,2.263,2.007
2023-05-23,ATP,Tourney_1,ATP_Player_10,ATP_Player_1,2.112,2.144
2023-05-26,ATP,Tourney_3,ATP_Player_15,ATP_Player_17,2.5,1.852
2023-05-29,WTA,Tourney_3,WTA_Player_1,WTA_Player_7,1.566,3.316
2023-06-01,WTA,Tourney_5,WTA_Player_9,WTA_Player_10,1.852,2.5
2023-06-04,ATP,Tourney_3,ATP_Player_10,ATP_Player_18,4.39,1.404
2023-06-07,ATP,Tourney_5,ATP_Player_11,ATP_Player_18,4.987,1.352
2023-06-10,ATP,Tourney_6,ATP_Player_12,ATP_Player_1,1.352,4.987
2023-06-13,WTA,Tourney_1,WTA_Player_7,WTA_Player_15,2.066,2.193
2023-06-16,WTA,Tourney_6,WTA_Player_17,WTA_Player_16,2.319,1.966
2023-06-19,ATP,Tourney_4,ATP_Player_15,ATP_Player_12,1.49,3.72
2023-06-22,WTA,Tourney_4,WTA_Player_19,WTA_Player_18,1.829,2.544
2023-06-25,ATP,Tourney_2,ATP_Player_8,ATP_Player_14,1.675,2.917
2023-06-28,ATP,Tourney_2,ATP_Player_5,ATP_Player_6,2.973,1.656
2023-07-01,ATP,Tourney_6,ATP_Player_2,ATP_Player_17,1.574,3.282
2023-07-04,WTA,Tourney_8,WTA_Player_13,WTA_Player_15,1.361,4.871
2023-07-07,ATP,Tourney_2,ATP_Player_10,ATP_Player_6,1.503,3.641
2023-07-10,WTA,Tourney_5,WTA_Player_19,WTA_Player_20,2.457,1.876
2023-07-13,WTA,Tourney_5,WTA_Player_7,WTA_Player_11,1.436,4.104
2023-07-16,ATP,Tourney_4,ATP_Player_1,ATP_Player_14,1.703,2.835
2023-07-19,WTA,Tourney_7,WTA_Player_19,WTA_Player_3,1.742,2.732
2023-07-22,ATP,Tourney_3,ATP_Player_13,ATP_Player_20,3.491,1.53
2023-07-25,ATP,Tourney_3,ATP_Player_6,ATP_Player_12,2.319,1.966
2023-07-28,ATP,Tourney_5,ATP_Player_5,ATP_Player_19,1.305,5.761
2023-07-31,ATP,Tourney_2,ATP_Player_6,ATP_Player_10,1.465,3.884
2023-08-03,WTA,Tourney_5,WTA_Player_6,WTA_Player_3,1.582,3.249
2023-08-06,ATP,Tourney_4,ATP_Player_15,ATP_Player_3,1.278,6.359
2023-08-09,ATP,Tourney_4,ATP_Player_19,ATP_Player_18,4.196,1.425
2023-08-12,WTA,Tourney_3,WTA_Player_3,WTA_Player_19,1.589,3.217
2023-08-15,WTA,Tourney_8,WTA_Player_14,WTA_Player_12,3.091,1.622
2023-08-18,WTA,Tourney_8,WTA_Player_5,WTA_Player_8,1.496,3.68
2023-08-21,ATP,Tourney_3,ATP_Player_7,ATP_Player_19,1.465,3.884
2023-08-24,WTA,Tourney_1,WTA_Player_2,WTA_Player_15,2.036,2.228
2023-08-27,ATP,Tourney_7,ATP_Player_6,ATP_Player_19,3.42,1.544
2023-08-30,WTA,Tourney_1,WTA_Player_7,WTA_Player_15,2.376,1.926
2023-09-02,WTA,Tourney_5,WTA_Player_1,WTA_Player_16,1.582,3.249
2023-09-05,ATP,Tourney_7,ATP_Player_20,ATP_Player_13,2.3,1.979
2023-09-08,WTA,Tourney_7,WTA_Player_13,WTA_Player_16,1.375,4.703
2023-09-11,ATP,Tourney_3,ATP_Player_11,ATP_Player_1,2.112,2.144
2023-09-14,ATP,Tourney_1,ATP_Player_9,ATP_Player_1,1.399,4.44
2023-09-17,ATP,Tourney_3,ATP_Player_11,ATP_Player_1,1.447,4.014
2023-09-20,WTA,Tourney_7,WTA_Player_19,WTA_Player_15,1.544,3.42
2023-09-23,ATP,Tourney_7,ATP_Player_9,ATP_Player_15,2.245,2.022
2023-09-26,ATP,Tourney_2,ATP_Player_18,ATP_Player_20,2.732,1.742
2023-09-29,ATP,Tourney_8,ATP_Player_9,ATP_Player_11,1.453,3.97
2023-10-02,ATP,Tourney_7,ATP_Player_15,ATP_Player_8,1.742,2.732
2023-10-05,WTA,Tourney_6,WTA_Player_19,WTA_Player_7,1.597,3.185
2023-10-08,WTA,Tourney_5,WTA_Player_20,WTA_Player_18,5.167,1.34
2023-10-11,ATP,Tourney_5,ATP_Player_13,ATP_Player_16,3.091,1.622
2023-10-14,WTA,Tourney_1,WTA_Player_2,WTA_Player_16,1.888,2.437
2023-10-17,ATP,Tourney_5,ATP_Player_20,ATP_Player_11,3.061,1.63
2023-10-20,WTA,Tourney_6,WTA_Player_19,WTA_Player_14,1.379,4.649
2023-10-23,ATP,Tourney_7,ATP_Player_8,ATP_Player_12,2.707,1.752
2023-10-26,ATP,Tourney_7,ATP_Player_16,ATP_Player_15,1.294,5.977
2023-10-29,WTA,Tourney_5,WTA_Player_11,WTA_Player_2,2.566,1.817
2023-11-01,WTA,Tourney_1,WTA_Player_19,WTA_Player_5,2.319,1.966
2023-11-04,ATP,Tourney_8,ATP_Player_3,ATP_Player_20,4.44,1.399
2023-11-07,ATP,Tourney_5,ATP_Player_20,ATP_Player_16,2.478,1.864
2023-11-10,WTA,Tourney_4,WTA_Player_5,WTA_Player_15,3.528,1.523
2023-11-13,ATP,Tourney_7,ATP_Player_2,ATP_Player_3,1.431,4.15
2023-11-16,ATP,Tourney_7,ATP_Player_11,ATP_Player_16,1.51,3.603
2023-11-19,ATP,Tourney_7,ATP_Player_15,ATP_Player_11,2.211,2.051
2023-11-22,WTA,Tourney_6,WTA_Player_15,WTA_Player_12,2.544,1.829
2023-11-25,ATP,Tourney_6,ATP_Player_18,ATP_Player_6,1.551,3.385
2023-11-28,WTA,Tourney_8,WTA_Player_17,WTA_Player_20,2.457,1.876
2023-12-01,WTA,Tourney_3,WTA_Player_18,WTA_Player_2,2.144,2.112
2023-12-04,ATP,Tourney_7,ATP_Player_1,ATP_Player_12,4.39,1.404
2023-12-07,ATP,Tourney_6,ATP_Player_1,ATP_Player_6,1.693,2.862
2023-12-10,WTA,Tourney_3,WTA_Player_7,WTA_Player_5,2.281,1.993
2023-12-13,WTA,Tourney_3,WTA_Player_14,WTA_Player_16,2.337,1.952
2023-12-16,WTA,Tourney_5,WTA_Player_13,WTA_Player_1,3.641,1.503
2023-12-19,ATP,Tourney_5,ATP_Player_8,ATP_Player_19,1.752,2.707
2023-12-22,ATP,Tourney_8,ATP_Player_7,ATP_Player_20,4.15,1.431
2023-12-25,ATP,Tourney_8,ATP_Player_20,ATP_Player_15,2.022,2.245
2023-12-28,WTA,Tourney_6,WTA_Player_6,WTA_Player_13,2.835,1.703
2023-12-31,ATP,Tourney_3,ATP_Player_19,ATP_Player_12,1.684,2.889
2024-01-03,WTA,Tourney_2,WTA_Player_16,WTA_Player_17,6.687,1.265
2024-01-06,ATP,Tourney_5,ATP_Player_14,ATP_Player_6,3.217,1.589
2024-01-09,ATP,Tourney_8,ATP_Player_20,ATP_Player_4,2.835,1.703
2024-01-12,WTA,Tourney_5,WTA_Player_8,WTA_Player_16,1.484,3.76
2024-01-15,WTA,Tourney_4,WTA_Player_18,WTA_Player_10,2.211,2.051
2024-01-18,WTA,Tourney_7,WTA_Player_2,WTA_Player_6,1.703,2.835
2024-01-21,WTA,Tourney_8,WTA_Player_8,WTA_Player_18,1.574,3.282
2024-01-24,WTA,Tourney_2,WTA_Player_9,WTA_Player_2,1.901,2.416
2024-01-27,WTA,Tourney_8,WTA_Player_2,WTA_Player_16,3.927,1.459
2024-01-30,WTA,Tourney_8,WTA_Player_16,WTA_Player_15,2.228,2.036
2024-02-02,ATP,Tourney_2,ATP_Player_11,ATP_Player_12,2.112,2.144
2024-02-05,ATP,Tourney_7,ATP_Player_4,ATP_Player_19,1.544,3.42
2024-02-08,WTA,Tourney_7,WTA_Player_9,WTA_Player_11,2.177,2.081
2024-02-11,WTA,Tourney_2,WTA_Player_11,WTA_Player_5,1.926,2.376
2024-02-14,WTA,Tourney_7,WTA_Player_10,WTA_Player_2,1.42,4.244
2024-02-17,ATP,Tourney_3,ATP_Player_4,ATP_Player_19,1.913,2.396
2024-02-20,ATP,Tourney_4,ATP_Player_19,ATP_Player_9,1.952,2.337
2024-02-23,ATP,Tourney_8,ATP_Player_10,ATP_Player_13,1.622,3.091
2024-02-26,WTA,Tourney_7,WTA_Player_1,WTA_Player_8,4.814,1.366
2024-02-29,WTA,Tourney_1,WTA_Player_18,WTA_Player_9,2.437,1.888
2024-03-03,ATP,Tourney_3,ATP_Player_6,ATP_Player_10,3.061,1.63
2024-03-06,WTA,Tourney_5,WTA_Player_13,WTA_Player_15,1.864,2.478
2024-03-09,ATP,Tourney_5,ATP_Player_6,ATP_Player_10,1.447,4.014
2024-03-12,WTA,Tourney_8,WTA_Player_4,WTA_Player_13,1.712,2.809
2024-03-15,ATP,Tourney_7,ATP_Player_3,ATP_Player_6,1.336,5.229
2024-03-18,WTA,Tourney_4,WTA_Player_18,WTA_Player_19,1.551,3.385
2024-03-21,ATP,Tourney_7,ATP_Player_1,ATP_Player_5,2.635,1.784
2024-03-24,ATP,Tourney_2,ATP_Player_16,ATP_Player_17,1.63,3.061
2024-03-27,ATP,Tourney_1,ATP_Player_14,ATP_Player_9,1.979,2.3
2024-03-30,WTA,Tourney_4,WTA_Player_14,WTA_Player_1,2.3,1.979
2024-04-02,WTA,Tourney_1,WTA_Player_1,WTA_Player_18,2.589,1.806
2024-04-05,ATP,Tourney_2,ATP_Player_12,ATP_Player_13,2.396,1.913
2024-04-08,ATP,Tourney_3,ATP_Player_4,ATP_Player_3,2.022,2.245
2024-04-11,WTA,Tourney_5,WTA_Player_7,WTA_Player_9,2.544,1.829
2024-04-14,WTA,Tourney_7,WTA_Player_1,WTA_Player_14,3.641,1.503
2024-04-17,ATP,Tourney_4,ATP_Player_16,ATP_Player_15,1.864,2.478
2024-04-20,WTA,Tourney_5,WTA_Player_16,WTA_Player_9,1.274,6.439
2024-04-23,WTA,Tourney_2,WTA_Player_2,WTA_Player_15,2.357,1.939
2024-04-26,ATP,Tourney_8,ATP_Player_14,ATP_Player_7,3.72,1.49
2024-04-29,ATP,Tourney_8,ATP_Player_12,ATP_Player_14,6.858,1.259
2024-05-02,ATP,Tourney_1,ATP_Player_15,ATP_Player_9,3.565,1.516
2024-05-05,WTA,Tourney_8,WTA_Player_4,WTA_Player_9,2.707,1.752
2024-05-08,WTA,Tourney_1,WTA_Player_3,WTA_Player_18,1.901,2.416
2024-05-11,ATP,Tourney_4,ATP_Player_9,ATP_Player_10,1.459,3.927
2024-05-14,WTA,Tourney_4,WTA_Player_12,WTA_Player_15,2.5,1.852
2024-05-17,WTA,Tourney_1,WTA_Player_15,WTA_Player_12,2.973,1.656
2024-05-20,ATP,Tourney_8,ATP_Player_6,ATP_Player_10,6.051,1.291
2024-05-23,ATP,Tourney_6,ATP_Player_11,ATP_Player_4,1.425,4.196
2024-05-26,WTA,Tourney_7,WTA_Player_17,WTA_Player_3,2.683,1.763
2024-05-29,ATP,Tourney_7,ATP_Player_12,ATP_Player_15,2.245,2.022
2024-06-01,WTA,Tourney_8,WTA_Player_14,WTA_Player_9,1.566,3.316
2024-06-04,ATP,Tourney_2,ATP_Player_3,ATP_Player_16,1.648,3.002
2024-06-07,ATP,Tourney_1,ATP_Player_11,ATP_Player_16,2.096,2.16
2024-06-10,WTA,Tourney_5,WTA_Player_11,WTA_Player_17,3.032,1.639
2024-06-13,ATP,Tourney_1,ATP_Player_5,ATP_Player_2,1.888,2.437
2024-06-16,ATP,Tourney_5,ATP_Player_15,ATP_Player_17,2.245,2.022
2024-06-19,ATP,Tourney_4,ATP_Player_8,ATP_Player_12,2.566,1.817
2024-06-22,WTA,Tourney_4,WTA_Player_2,WTA_Player_19,1.298,5.904
2024-06-25,ATP,Tourney_2,ATP_Player_5,ATP_Player_18,3.97,1.453
2024-06-28,WTA,Tourney_5,WTA_Player_7,WTA_Player_10,3.528,1.523
2024-07-01,WTA,Tourney_1,WTA_Player_11,WTA_Player_15,1.773,2.659
2024-07-04,ATP,Tourney_4,ATP_Player_8,ATP_Player_19,3.72,1.49
2024-07-07,ATP,Tourney_2,ATP_Player_9,ATP_Player_1,1.477,3.801
2024-07-10,WTA,Tourney_1,WTA_Player_15,WTA_Player_4,1.453,3.97
2024-07-13,ATP,Tourney_3,ATP_Player_7,ATP_Player_11,3.385,1.551
2024-07-16,ATP,Tourney_8,ATP_Player_15,ATP_Player_4,2.416,1.901
2024-07-19,ATP,Tourney_3,ATP_Player_11,ATP_Player_1,2.3,1.979
2024-07-22,ATP,Tourney_7,ATP_Player_8,ATP_Player_6,1.752,2.707
2024-07-25,WTA,Tourney_5,WTA_Player_17,WTA_Player_19,1.51,3.603
2024-07-28,ATP,Tourney_3,ATP_Player_19,ATP_Player_17,2.683,1.763
2024-07-31,WTA,Tourney_6,WTA_Player_12,WTA_Player_13,2.635,1.784
2024-08-03,WTA,Tourney_7,WTA_Player_3,WTA_Player_10,2.228,2.036
2024-08-06,WTA,Tourney_3,WTA_Player_2,WTA_Player_8,1.966,2.319
2024-08-09,ATP,Tourney_5,ATP_Player_11,ATP_Player_7,2.081,2.177
2024-08-12,ATP,Tourney_3,ATP_Player_13,ATP_Player_2,2.612,1.795
2024-08-15,ATP,Tourney_1,ATP_Player_5,ATP_Player_2,1.888,2.437
2024-08-18,ATP,Tourney_5,ATP_Player_12,ATP_Player_20,1.966,2.319
2024-08-21,WTA,Tourney_3,WTA_Player_13,WTA_Player_16,2.112,2.144
2024-08-24,WTA,Tourney_5,WTA_Player_3,WTA_Player_13,1.436,4.104
2024-08-27,WTA,Tourney_1,WTA_Player_13,WTA_Player_2,1.913,2.396
2024-08-30,WTA,Tourney_3,WTA_Player_9,WTA_Player_19,3.002,1.648
2024-09-02,WTA,Tourney_6,WTA_Player_6,WTA_Player_5,2.066,2.193
2024-09-05,WTA,Tourney_8,WTA_Player_14,WTA_Player_9,1.622,3.091
2024-09-08,WTA,Tourney_1,WTA_Player_17,WTA_Player_10,2.112,2.144
2024-09-11,WTA,Tourney_3,WTA_Player_5,WTA_Player_14,1.864,2.478
2024-09-14,ATP,Tourney_7,ATP_Player_16,ATP_Player_19,1.379,4.649
2024-09-17,ATP,Tourney_3,ATP_Player_19,ATP_Player_18,3.122,1.614
2024-09-20,ATP,Tourney_4,ATP_Player_16,ATP_Player_8,1.366,4.814
2024-09-23,WTA,Tourney_4,WTA_Player_20,WTA_Player_17,1.284,6.203
2024-09-26,ATP,Tourney_3,ATP_Player_8,ATP_Player_6,3.091,1.622
2024-09-29,WTA,Tourney_1,WTA_Player_14,WTA_Player_13,2.809,1.712
2024-10-02,WTA,Tourney_6,WTA_Player_16,WTA_Player_18,2.522,1.84
2024-10-05,ATP,Tourney_1,ATP_Player_7,ATP_Player_16,2.051,2.211
2024-10-08,WTA,Tourney_5,WTA_Player_3,WTA_Player_16,3.002,1.648
2024-10-11,ATP,Tourney_2,ATP_Player_17,ATP_Player_5,1.752,2.707
2024-10-14,ATP,Tourney_7,ATP_Player_1,ATP_Player_3,2.281,1.993
2024-10-17,WTA,Tourney_8,WTA_Player_8,WTA_Player_5,5.487,1.32
2024-10-20,ATP,Tourney_2,ATP_Player_6,ATP_Player_5,5.292,1.331
2024-10-23,WTA,Tourney_8,WTA_Player_2,WTA_Player_5,3.002,1.648
2024-10-26,WTA,Tourney_3,WTA_Player_6,WTA_Player_5,1.582,3.249
2024-10-29,ATP,Tourney_8,ATP_Player_8,ATP_Player_14,2.245,2.022
2024-11-01,WTA,Tourney_3,WTA_Player_3,WTA_Player_16,1.361,4.871
2024-11-04,ATP,Tourney_1,ATP_Player_5,ATP_Player_4,1.336,5.229
2024-11-07,WTA,Tourney_4,WTA_Player_15,WTA_Player_12,1.773,2.659
2024-11-10,WTA,Tourney_1,WTA_Player_14,WTA_Player_10,3.122,1.614
2024-11-13,ATP,Tourney_2,ATP_Player_18,ATP_Player_15,3.603,1.51
2024-11-16,WTA,Tourney_3,WTA_Player_20,WTA_Player_3,1.784,2.635
2024-11-19,ATP,Tourney_8,ATP_Player_6,ATP_Player_20,1.979,2.3
2024-11-22,ATP,Tourney_3,ATP_Player_18,ATP_Player_1,2.281,1.993
2024-11-25,WTA,Tourney_7,WTA_Player_3,WTA_Player_10,1.852,2.5
2024-11-28,ATP,Tourney_3,ATP_Player_19,ATP_Player_10,3.76,1.484
2024-12-01,WTA,Tourney_4,WTA_Player_7,WTA_Player_6,1.648,3.002
2024-12-04,WTA,Tourney_1,WTA_Player_13,WTA_Player_12,2.457,1.876
2024-12-07,WTA,Tourney_7,WTA_Player_5,WTA_Player_19,2.544,1.829
2024-12-10,ATP,Tourney_8,ATP_Player_8,ATP_Player_11,2.917,1.675
2024-12-13,WTA,Tourney_4,WTA_Player_14,WTA_Player_3,2.945,1.665
2024-12-16,WTA,Tourney_2,WTA_Player_3,WTA_Player_11,1.876,2.457
2024-12-19,ATP,Tourney_6,ATP_Player_16,ATP_Player_7,1.294,5.977
2024-12-22,WTA,Tourney_8,WTA_Player_20,WTA_Player_19,2.862,1.693
2024-12-25,WTA,Tourney_2,WTA_Player_9,WTA_Player_5,2.683,1.763
2024-12-28,ATP,Tourney_3,ATP_Player_19,ATP_Player_12,1.404,4.39
2024-12-31,ATP,Tourney_5,ATP_Player_8,ATP_Player_17,1.722,2.783
2025-01-03,ATP,Tourney_4,ATP_Player_10,ATP_Player_1,1.409,4.341
2025-01-06,WTA,Tourney_5,WTA_Player_3,WTA_Player_9,4.341,1.409
2025-01-09,ATP,Tourney_2,ATP_Player_4,ATP_Player_10,2.177,2.081
2025-01-12,ATP,Tourney_3,ATP_Player_7,ATP_Player_12,4.928,1.357
2025-01-15,WTA,Tourney_6,WTA_Player_19,WTA_Player_6,4.059,1.442
2025-01-18,WTA,Tourney_1,WTA_Player_8,WTA_Player_19,1.752,2.707
2025-01-21,ATP,Tourney_5,ATP_Player_14,ATP_Player_2,4.928,1.357
2025-01-24,ATP,Tourney_4,ATP_Player_8,ATP_Player_16,2.245,2.022
2025-01-27,WTA,Tourney_1,WTA_Player_7,WTA_Player_11,2.396,1.913
2025-01-30,ATP,Tourney_5,ATP_Player_1,ATP_Player_11,1.477,3.801
2025-02-02,WTA,Tourney_4,WTA_Player_6,WTA_Player_3,1.876,2.457
2025-02-05,WTA,Tourney_1,WTA_Player_17,WTA_Player_14,4.987,1.352
2025-02-08,WTA,Tourney_5,WTA_Player_4,WTA_Player_9,1.453,3.97
2025-02-11,ATP,Tourney_1,ATP_Player_20,ATP_Player_17,2.319,1.966
2025-02-14,WTA,Tourney_2,WTA_Player_2,WTA_Player_6,1.675,2.917
2025-02-17,WTA,Tourney_7,WTA_Player_1,WTA_Player_19,4.491,1.394
2025-02-20,ATP,Tourney_1,ATP_Player_10,ATP_Player_2,2.917,1.675
2025-02-23,WTA,Tourney_4,WTA_Player_9,WTA_Player_13,1.32,5.487
2025-02-26,ATP,Tourney_8,ATP_Player_2,ATP_Player_10,1.453,3.97
2025-03-01,ATP,Tourney_5,ATP_Player_5,ATP_Player_14,2.457,1.876
2025-03-04,ATP,Tourney_6,ATP_Player_12,ATP_Player_4,2.193,2.066
2025-03-07,ATP,Tourney_7,ATP_Player_6,ATP_Player_7,1.516,3.565
2025-03-10,WTA,Tourney_6,WTA_Player_20,WTA_Player_12,5.229,1.336
2025-03-13,WTA,Tourney_8,WTA_Player_11,WTA_Player_20,1.763,2.683
2025-03-16,WTA,Tourney_3,WTA_Player_16,WTA_Player_7,1.63,3.061
2025-03-19,ATP,Tourney_3,ATP_Player_17,ATP_Player_12,1.913,2.396
2025-03-22,ATP,Tourney_5,ATP_Player_9,ATP_Player_4,2.245,2.022
2025-03-25,WTA,Tourney_8,WTA_Player_5,WTA_Player_20,1.622,3.091
2025-03-28,ATP,Tourney_6,ATP_Player_17,ATP_Player_16,1.278,6.359
2025-03-31,ATP,Tourney_2,ATP_Player_1,ATP_Player_18,2.917,1.675
2025-04-03,WTA,Tourney_3,WTA_Player_16,WTA_Player_20,1.614,3.122
2025-04-06,ATP,Tourney_1,ATP_Player_17,ATP_Player_8,1.53,3.491
2025-04-09,WTA,Tourney_6,WTA_Player_2,WTA_Player_18,2.081,2.177
2025-04-12,ATP,Tourney_6,ATP_Player_6,ATP_Player_8,1.993,2.281
2025-04-15,WTA,Tourney_4,WTA_Player_16,WTA_Player_3,1.589,3.217
2025-04-18,ATP,Tourney_3,ATP_Player_5,ATP_Player_6,2.211,2.051
2025-04-21,ATP,Tourney_5,ATP_Player_9,ATP_Player_2,3.455,1.537
2025-04-24,WTA,Tourney_1,WTA_Player_19,WTA_Player_12,1.324,5.421
2025-04-27,WTA,Tourney_1,WTA_Player_11,WTA_Player_7,3.35,1.559
2025-04-30,WTA,Tourney_3,WTA_Player_3,WTA_Player_17,2.635,1.784
2025-05-03,WTA,Tourney_4,WTA_Player_3,WTA_Player_10,2.862,1.693
2025-05-06,ATP,Tourney_2,ATP_Player_19,ATP_Player_17,2.437,1.888
2025-05-09,WTA,Tourney_5,WTA_Player_3,WTA_Player_8,1.773,2.659
2025-05-12,WTA,Tourney_4,WTA_Player_9,WTA_Player_5,5.904,1.298
2025-05-15,ATP,Tourney_8,ATP_Player_13,ATP_Player_10,2.177,2.081
2025-05-18,ATP,Tourney_1,ATP_Player_9,ATP_Player_6,2.478,1.864
2025-05-21,ATP,Tourney_5,ATP_Player_4,ATP_Player_1,2.757,1.732
2025-05-24,ATP,Tourney_8,ATP_Player_14,ATP_Player_3,5.292,1.331
2025-05-27,ATP,Tourney_1,ATP_Player_3,ATP_Player_19,1.876,2.457
2025-05-30,WTA,Tourney_2,WTA_Player_7,WTA_Player_19,1.773,2.659
2025-06-02,ATP,Tourney_6,ATP_Player_19,ATP_Player_18,1.431,4.15
2025-06-05,ATP,Tourney_2,ATP_Player_13,ATP_Player_17,1.49,3.72
2025-06-08,ATP,Tourney_7,ATP_Player_2,ATP_Player_12,2.862,1.693
2025-06-11,ATP,Tourney_3,ATP_Player_12,ATP_Player_19,1.952,2.337
2025-06-14,WTA,Tourney_5,WTA_Player_13,WTA_Player_6,1.966,2.319
2025-06-17,WTA,Tourney_1,WTA_Player_8,WTA_Player_20,2.112,2.144
2025-06-20,ATP,Tourney_1,ATP_Player_3,ATP_Player_20,1.993,2.281
2025-06-23,ATP,Tourney_6,ATP_Player_7,ATP_Player_10,1.993,2.281
2025-06-26,WTA,Tourney_1,WTA_Player_11,WTA_Player_3,2.3,1.979
2025-06-29,ATP,Tourney_7,ATP_Player_10,ATP_Player_4,1.979,2.3
2025-07-02,ATP,Tourney_8,ATP_Player_10,ATP_Player_20,3.68,1.496
2025-07-05,WTA,Tourney_1,WTA_Player_4,WTA_Player_10,1.784,2.635
2025-07-08,ATP,Tourney_1,ATP_Player_14,ATP_Player_19,3.641,1.503
2025-07-11,ATP,Tourney_7,ATP_Player_1,ATP_Player_20,1.453,3.97
2025-07-14,WTA,Tourney_1,WTA_Player_8,WTA_Player_2,2.007,2.263
2025-07-17,WTA,Tourney_2,WTA_Player_12,WTA_Player_5,3.061,1.63
2025-07-20,ATP,Tourney_7,ATP_Player_3,ATP_Player_15,3.884,1.465
2025-07-23,ATP,Tourney_4,ATP_Player_19,ATP_Player_14,1.693,2.862
2025-07-26,WTA,Tourney_6,WTA_Player_9,WTA_Player_16,1.503,3.641
2025-07-29,WTA,Tourney_5,WTA_Player_5,WTA_Player_17,3.884,1.465
2025-08-01,WTA,Tourney_6,WTA_Player_3,WTA_Player_19,1.344,5.106
2025-08-04,ATP,Tourney_7,ATP_Player_15,ATP_Player_20,3.316,1.566
2025-08-07,ATP,Tourney_3,ATP_Player_17,ATP_Player_4,1.605,3.153
2025-08-10,WTA,Tourney_1,WTA_Player_15,WTA_Player_17,3.603,1.51
2025-08-13,ATP,Tourney_5,ATP_Player_6,ATP_Player_8,2.917,1.675
2025-08-16,ATP,Tourney_5,ATP_Player_2,ATP_Player_15,1.852,2.5
2025-08-19,WTA,Tourney_2,WTA_Player_5,WTA_Player_20,4.341,1.409
2025-08-22,WTA,Tourney_6,WTA_Player_19,WTA_Player_7,1.732,2.757
2025-08-25,ATP,Tourney_1,ATP_Player_8,ATP_Player_20,2.081,2.177
2025-08-28,ATP,Tourney_1,ATP_Player_7,ATP_Player_4,1.817,2.566
2025-08-31,WTA,Tourney_4,WTA_Player_5,WTA_Player_7,1.375,4.703
2025-09-03,WTA,Tourney_1,WTA_Player_3,WTA_Player_11,2.357,1.939
2025-09-06,ATP,Tourney_7,ATP_Player_10,ATP_Player_5,1.639,3.032
2025-09-09,ATP,Tourney_7,ATP_Player_5,ATP_Player_8,2.096,2.16
2025-09-12,ATP,Tourney_6,ATP_Player_8,ATP_Player_20,5.691,1.308
2025-09-15,WTA,Tourney_7,WTA_Player_16,WTA_Player_9,4.15,1.431
2025-09-18,WTA,Tourney_1,WTA_Player_19,WTA_Player_8,2.544,1.829
2025-09-21,WTA,Tourney_4,WTA_Player_11,WTA_Player_15,2.589,1.806
2025-09-24,ATP,Tourney_2,ATP_Player_7,ATP_Player_8,1.42,4.244
2025-09-27,ATP,Tourney_8,ATP_Player_12,ATP_Player_6,1.742,2.732
2025-09-30,WTA,Tourney_5,WTA_Player_3,WTA_Player_17,1.888,2.437
2025-10-03,ATP,Tourney_6,ATP_Player_8,ATP_Player_5,2.437,1.888
2025-10-06,WTA,Tourney_8,WTA_Player_2,WTA_Player_11,1.63,3.061
2025-10-09,WTA,Tourney_8,WTA_Player_10,WTA_Player_9,2.376,1.926
2025-10-12,ATP,Tourney_5,ATP_Player_8,ATP_Player_19,3.002,1.648
2025-10-15,ATP,Tourney_5,ATP_Player_7,ATP_Player_6,2.416,1.901
2025-10-18,WTA,Tourney_6,WTA_Player_6,WTA_Player_11,3.884,1.465
2025-10-21,ATP,Tourney_4,ATP_Player_17,ATP_Player_8,1.806,2.589
2025-10-24,WTA,Tourney_3,WTA_Player_13,WTA_Player_12,1.712,2.809
2025-10-27,ATP,Tourney_5,ATP_Player_1,ATP_Player_5,2.096,2.16
2025-10-30,ATP,Tourney_4,ATP_Player_10,ATP_Player_7,2.228,2.036
2025-11-02,ATP,Tourney_6,ATP_Player_15,ATP_Player_5,3.42,1.544
2025-11-05,ATP,Tourney_1,ATP_Player_7,ATP_Player_4,3.122,1.614
2025-11-08,ATP,Tourney_1,ATP_Player_18,ATP_Player_13,1.84,2.522
2025-11-11,ATP,Tourney_6,ATP_Player_14,ATP_Player_8,2.5,1.852
2025-11-14,WTA,Tourney_6,WTA_Player_13,WTA_Player_7,2.732,1.742
2025-11-17,ATP,Tourney_1,ATP_Player_20,ATP_Player_9,2.036,2.228
2025-11-20,ATP,Tourney_1,ATP_Player_14,ATP_Player_16,2.3,1.979
2025-11-23,ATP,Tourney_8,ATP_Player_12,ATP_Player_13,2.917,1.675
2025-11-26,WTA,Tourney_2,WTA_Player_14,WTA_Player_2,4.543,1.389
2025-11-29,ATP,Tourney_5,ATP_Player_3,ATP_Player_6,3.565,1.516
2025-12-02,WTA,Tourney_1,WTA_Player_18,WTA_Player_16,4.703,1.375
2025-12-05,ATP,Tourney_4,ATP_Player_13,ATP_Player_8,1.566,3.316
2025-12-08,ATP,Tourney_7,ATP_Player_19,ATP_Player_5,1.49,3.72
2025-12-11,ATP,Tourney_2,ATP_Player_2,ATP_Player_8,3.316,1.566
2025-12-14,WTA,Tourney_5,WTA_Player_20,WTA_Player_12,3.528,1.523
2025-12-17,ATP,Tourney_5,ATP_Player_7,ATP_Player_19,1.763,2.683
2025-12-20,WTA,Tourney_2,WTA_Player_4,WTA_Player_7,3.217,1.589
2025-12-23,WTA,Tourney_6,WTA_Player_18,WTA_Player_15,2.478,1.864
2025-12-26,WTA,Tourney_2,WTA_Player_9,WTA_Player_8,1.693,2.862
2025-12-29,ATP,Tourney_8,ATP_Player_7,ATP_Player_15,1.305,5.761
2026-01-01,WTA,Tourney_5,WTA_Player_1,WTA_Player_15,1.605,3.153
2026-01-04,ATP,Tourney_1,ATP_Player_6,ATP_Player_10,2.022,2.245
2026-01-07,ATP,Tourney_2,ATP_Player_20,ATP_Player_16,2.478,1.864
2026-01-10,ATP,Tourney_4,ATP_Player_3,ATP_Player_16,2.566,1.817
2026-01-13,ATP,Tourney_2,ATP_Player_16,ATP_Player_5,1.268,6.603
2026-01-16,ATP,Tourney_3,ATP_Player_12,ATP_Player_16,2.478,1.864
2026-01-19,ATP,Tourney_4,ATP_Player_17,ATP_Player_12,1.477,3.801
2026-01-22,WTA,Tourney_1,WTA_Player_20,WTA_Player_11,2.228,2.036
2026-01-25,ATP,Tourney_8,ATP_Player_20,ATP_Player_6,1.453,3.97
2026-01-28,ATP,Tourney_3,ATP_Player_13,ATP_Player_12,1.703,2.835
2026-01-31,ATP,Tourney_8,ATP_Player_3,ATP_Player_2,2.478,1.864
2026-02-03,ATP,Tourney_3,ATP_Player_19,ATP_Player_4,2.319,1.966
2026-02-06,ATP,Tourney_6,ATP_Player_3,ATP_Player_11,1.864,2.478
2026-02-09,WTA,Tourney_4,WTA_Player_4,WTA_Player_12,2.522,1.84
2026-02-12,ATP,Tourney_1,ATP_Player_12,ATP_Player_4,1.732,2.757
2026-02-15,WTA,Tourney_4,WTA_Player_6,WTA_Player_10,2.566,1.817
2026-02-18,WTA,Tourney_8,WTA_Player_14,WTA_Player_1,2.544,1.829
2026-02-21,WTA,Tourney_6,WTA_Player_5,WTA_Player_7,2.051,2.211
2026-02-24,WTA,Tourney_2,WTA_Player_11,WTA_Player_1,1.53,3.491
2026-02-27,ATP,Tourney_1,ATP_Player_17,ATP_Player_19,2.319,1.966
2026-03-02,WTA,Tourney_6,WTA_Player_6,WTA_Player_8,2.478,1.864
2026-03-05,ATP,Tourney_2,ATP_Player_19,ATP_Player_3,1.278,6.359
2026-03-08,WTA,Tourney_4,WTA_Player_7,WTA_Player_19,2.5,1.852
2026-03-11,WTA,Tourney_3,WTA_Player_10,WTA_Player_5,3.528,1.523
2026-03-14,ATP,Tourney_8,ATP_Player_11,ATP_Player_17,1.436,4.104
2026-03-17,ATP,Tourney_4,ATP_Player_18,ATP_Player_8,1.431,4.15
2026-03-20,WTA,Tourney_1,WTA_Player_6,WTA_Player_4,1.939,2.357
2026-03-23,WTA,Tourney_7,WTA_Player_2,WTA_Player_7,4.649,1.379
2026-03-26,WTA,Tourney_1,WTA_Player_8,WTA_Player_20,1.375,4.703
2026-03-29,WTA,Tourney_4,WTA_Player_2,WTA_Player_19,4.104,1.436
2026-04-01,WTA,Tourney_7,WTA_Player_10,WTA_Player_9,2.396,1.913
2026-04-04,ATP,Tourney_5,ATP_Player_12,ATP_Player_2,2.128,2.128
2026-04-07,ATP,Tourney_8,ATP_Player_14,ATP_Player_11,1.852,2.5
